{
    "ambientocclusion": false,
    "textures": {
        "particle": "minecraft:block/lily_pad",
        "texture": "minecraft:block/variants/lily_pad1"
    },
    "elements": [
        {   "from": [ 0, 0.25, 0 ],
            "to": [ 16, 0.25, 16 ],
            "faces": {
                "down":  { "uv": [ 16, 16, 0,  0 ], "texture": "#texture", "tintindex": 0 },
                "up":    { "uv": [ 16,  0, 0, 16 ], "texture": "#texture", "tintindex": 0 }
            }
        }
    ]
}
