{"stats":{"minecraft:custom":{"minecraft:open_barrel":1,"minecraft:play_one_minute":1107821,"minecraft:pot_flower":1,"minecraft:leave_game":66,"minecraft:time_since_death":1107821,"minecraft:climb_one_cm":1128,"minecraft:time_since_rest":1107821,"minecraft:sprint_one_cm":272513,"minecraft:walk_one_cm":329918,"minecraft:swim_one_cm":4387,"minecraft:fly_one_cm":41684942,"minecraft:crouch_one_cm":5598,"minecraft:sneak_time":45194,"minecraft:walk_under_water_one_cm":96432,"minecraft:jump":2167,"minecraft:walk_on_water_one_cm":221674},"minecraft:picked_up":{"minecraft:azure_bluet":2,"minecraft:tripwire_hook":12,"minecraft:light_gray_concrete_powder":13,"minecraft:red_carpet":26,"minecraft:oak_sign":56,"minecraft:wheat_seeds":8,"minecraft:poppy":2,"minecraft:egg":1,"minecraft:torch":16,"minecraft:dandelion":2,"minecraft:sand":118,"minecraft:red_banner":1,"minecraft:spruce_door":1,"minecraft:light_gray_bed":5,"minecraft:pink_tulip":1,"minecraft:oxeye_daisy":1},"minecraft:used":{"minecraft:dark_oak_stairs":43,"minecraft:nether_brick_fence":11,"minecraft:water_bucket":52,"minecraft:diorite":5,"minecraft:blue_terracotta":21,"minecraft:cobblestone_stairs":166,"minecraft:spruce_door":3,"minecraft:flint_and_steel":1,"minecraft:birch_leaves":52,"minecraft:armor_stand":24,"minecraft:polished_andesite":810,"minecraft:spruce_slab":136,"minecraft:dark_oak_sign":17,"minecraft:andesite_slab":164,"minecraft:light_gray_carpet":6,"minecraft:ladder":11,"minecraft:birch_wood":12,"minecraft:oak_sign":2,"minecraft:blue_wool":5,"minecraft:light_blue_terracotta":40,"minecraft:chest":4,"minecraft:spruce_planks":28,"minecraft:stone":9863,"minecraft:spruce_sign":8,"minecraft:red_glazed_terracotta":41,"minecraft:cobblestone_slab":127,"minecraft:oak_leaves":387,"minecraft:spruce_leaves":7,"minecraft:torch":41,"minecraft:dark_oak_trapdoor":45,"minecraft:dirt":229,"minecraft:sand":368,"minecraft:lime_stained_glass_pane":17,"minecraft:light_blue_wool":2369,"minecraft:spruce_stairs":69,"minecraft:cobblestone_wall":5,"minecraft:oak_wood":121,"minecraft:light_gray_concrete_powder":77,"minecraft:dark_oak_fence_gate":4,"minecraft:painting":54,"minecraft:stone_brick_wall":6,"minecraft:nether_brick_stairs":1,"minecraft:dark_oak_door":1,"minecraft:milk_bucket":3,"minecraft:andesite_wall":10,"minecraft:oak_log":57,"minecraft:glass":2,"minecraft:stone_brick_slab":325,"minecraft:flower_pot":1,"minecraft:cyan_terracotta":106,"minecraft:bricks":31,"minecraft:bookshelf":6,"minecraft:red_wool":26,"minecraft:light_gray_concrete":126,"minecraft:grass_block":2378,"minecraft:polished_andesite_stairs":113,"minecraft:lectern":21,"minecraft:dark_oak_wood":72,"minecraft:red_terracotta":1,"minecraft:dark_oak_slab":17,"minecraft:spruce_trapdoor":35,"minecraft:gray_concrete_powder":76,"minecraft:pink_wool":2550,"minecraft:stone_brick_stairs":474,"minecraft:stone_bricks":517,"minecraft:barrel":12,"minecraft:polished_andesite_slab":146,"minecraft:chiseled_stone_bricks":4,"minecraft:tripwire_hook":13,"minecraft:glowstone":56,"minecraft:red_carpet":112,"minecraft:potion":15,"minecraft:cobblestone":169,"minecraft:brown_carpet":7,"minecraft:iron_trapdoor":18,"minecraft:andesite":214,"minecraft:sandstone_slab":37,"minecraft:red_banner":2,"minecraft:andesite_stairs":2,"minecraft:lapis_block":6,"minecraft:smooth_stone_slab":23,"minecraft:white_concrete":173,"minecraft:bone_meal":4,"minecraft:stripped_spruce_wood":29}},"DataVersion":2584}