{
	"credit": "Made with Blockbench",
	"textures": {
		"inside": "minecraft:block/composter_compost",
		"particle": "minecraft:block/composter_compost"
	},
	"elements": [
		{
			"from": [1.5, 0, 1.5],
			"to": [14.5, 11, 14.5],
			"faces": {
				"north": {"uv": [2, 3, 14, 14], "texture": "#inside"},
				"east": {"uv": [2, 3, 14, 14], "texture": "#inside"},
				"south": {"uv": [2, 3, 14, 14], "texture": "#inside"},
				"west": {"uv": [2, 3, 14, 14], "texture": "#inside"},
				"up": {"uv": [2, 2, 14, 14], "texture": "#inside", "cullface": "up"}
			}
		}
	]
}