{
	"credit": "Made with Blockbench",
	"parent": "minecraft:block/block",
	"textures": {
		"bottom": "minecraft:block/observer_back",
		"side": "minecraft:block/observer_side",
		"top": "minecraft:block/observer_top",
		"particle": "minecraft:block/observer_front",
		"front": "minecraft:block/observer_front"
	},
	"elements": [
		{
			"from": [0, 0, 0],
			"to": [16, 16, 16],
			"faces": {
				"north": {"uv": [0, 0, 16, 16], "texture": "#front", "cullface": "north"},
				"east": {"uv": [0, 0, 16, 16], "rotation": 180, "texture": "#side", "cullface": "east"},
				"south": {"uv": [0, 0, 16, 16], "texture": "#bottom", "cullface": "south"},
				"west": {"uv": [0, 0, 16, 16], "texture": "#side", "cullface": "west"},
				"up": {"uv": [0, 16, 16, 0], "texture": "#top", "cullface": "up"},
				"down": {"uv": [0, 0, 16, 16], "texture": "#top", "cullface": "down"}
			}
		}
	]
}