{
    "variants": {
        "": [
            { "model": "minecraft:block/bookshelf" },
            { "model": "minecraft:block/random/bookshelf/bookshelf1" },
            { "model": "minecraft:block/random/bookshelf/bookshelf2" },
            { "model": "minecraft:block/random/bookshelf/bookshelf3" },
            { "model": "minecraft:block/random/bookshelf/bookshelf4" },
            { "model": "minecraft:block/random/bookshelf/bookshelf5" },
            { "model": "minecraft:block/random/bookshelf/bookshelf6" },
            { "model": "minecraft:block/random/bookshelf/bookshelf7" },
            { "model": "minecraft:block/random/bookshelf/bookshelf8" }
        ]
    }
}
