{
  "multipart": [
    {
      "apply": {
        "model": "minecraft:block/bars/iron_bars_post"
      }
    },
    {
      "when": {
        "north": "true"
      },
      "apply": {
        "model": "minecraft:block/bars/iron_bars_side"
      }
    },
    {
      "when": {
        "east": "true"
      },
      "apply": {
        "model": "minecraft:block/bars/iron_bars_side",
	"y": 90
      }
    },
    {
      "when": {
        "south": "true"
      },
      "apply": {
        "model": "minecraft:block/bars/iron_bars_side",
	"y": 180
      }
    },
    {
      "when": {
        "west": "true"
      },
      "apply": {
        "model": "minecraft:block/bars/iron_bars_side",
	"y": 270
      }
    }
  ]
}
