{
    "variants": {
        "": [
            { "model": "minecraft:block/lapis_ore" },
            { "model": "minecraft:block/random/ore/lapis/lapis_ore1" },
            { "model": "minecraft:block/random/ore/lapis/lapis_ore2" },
            { "model": "minecraft:block/random/ore/lapis/lapis_ore3" },
            { "model": "minecraft:block/random/ore/lapis/lapis_ore4" },
            { "model": "minecraft:block/random/ore/lapis/lapis_ore5" },
            { "model": "minecraft:block/random/ore/lapis/lapis_ore6" }
        ]
    }
}
