{
    "parent": "minecraft:block/seagrass",
    "textures": {
      "seagrass": "minecraft:block/variants/seagrass/seagrass2",
      "particle": "minecraft:block/variants/seagrass/seagrass2"
    },
    "elements": [
        {   "from": [ 0, 0, 4 ],
            "to": [ 16, 16, 4 ],
            "shade": false,
            "faces": {
                "north": { "uv": [ 0, 0, 16, 16 ], "texture": "#seagrass", "tintindex": 0 },
                "south": { "uv": [ 0, 0, 16, 16 ], "texture": "#seagrass", "tintindex": 0 }
            }
        },
        {   "from": [ 12, 0, 0 ],
            "to": [ 12, 16, 16 ],
            "shade": false,
            "faces": {
                "west": { "uv": [ 0, 0, 16, 16 ], "texture": "#seagrass", "tintindex": 0 },
                "east": { "uv": [ 0, 0, 16, 16 ], "texture": "#seagrass", "tintindex": 0 }
            }
        },
      {   "from": [ 4, 0, 0 ],
        "to": [ 4, 16, 16 ],
        "shade": false,
        "faces": {
          "west": { "uv": [ 0, 0, 16, 16 ], "texture": "#seagrass", "tintindex": 0 },
          "east": { "uv": [ 0, 0, 16, 16 ], "texture": "#seagrass", "tintindex": 0 }
        }
      },
      {   "from": [ 0, 0, 12 ],
        "to": [ 16, 16, 12 ],
        "shade": false,
        "faces": {
          "north": { "uv": [ 0, 0, 16, 16 ], "texture": "#seagrass", "tintindex": 0 },
          "south": { "uv": [ 0, 0, 16, 16 ], "texture": "#seagrass", "tintindex": 0 }
        }
      }
    ]
}
