{
	"credit": "Made with Blockbench",
	"ambientocclusion": false,
	"textures": {
		"particle": "minecraft:block/chorus_plant",
		"texture": "minecraft:block/chorus_plant",
		"inside": "minecraft:block/chorus_flower"
	},
	"elements": [
		{
			"from": [7.5, 7.5, 7.5],
			"to": [8.5, 8.5, 8.5],
			"faces": {
				"north": {"uv": [6, 6, 10, 10], "texture": "#inside"},
				"east": {"uv": [6, 6, 10, 10], "texture": "#inside"},
				"south": {"uv": [6, 6, 10, 10], "texture": "#inside"},
				"west": {"uv": [6, 6, 10, 10], "texture": "#inside"},
				"up": {"uv": [6, 6, 10, 10], "texture": "#inside"},
				"down": {"uv": [6, 6, 10, 10], "texture": "#inside"}
			}
		},
		{
			"from": [7, 7, 0],
			"to": [9, 9, 1],
			"rotation": {"angle": 0, "axis": "x", "origin": [8, 8, 8]},
			"faces": {
				"north": {"uv": [9, 3, 11, 5], "rotation": 180, "texture": "#texture"},
				"east": {"uv": [9, 11, 11, 12], "rotation": 270, "texture": "#texture"},
				"south": {"uv": [5, 3, 7, 5], "texture": "#texture"},
				"west": {"uv": [13, 11, 15, 12], "rotation": 90, "texture": "#texture"},
				"up": {"uv": [1, 11, 3, 12], "rotation": 180, "texture": "#texture"},
				"down": {"uv": [5, 11, 7, 12], "texture": "#texture"}
			}
		},
		{
			"from": [7.5, 7.5, 1],
			"to": [8.5, 8.5, 4],
			"rotation": {"angle": 0, "axis": "x", "origin": [8, 8, 8]},
			"faces": {
				"north": {"uv": [5.5, 3.5, 6.5, 4.5], "rotation": 180, "texture": "#texture"},
				"east": {"uv": [5.5, 9, 6.5, 12], "rotation": 270, "texture": "#texture"},
				"south": {"uv": [9.5, 3.5, 10.5, 4.5], "texture": "#texture"},
				"west": {"uv": [1.5, 9, 2.5, 12], "rotation": 90, "texture": "#texture"},
				"up": {"uv": [13.5, 9, 14.5, 12], "rotation": 180, "texture": "#texture"},
				"down": {"uv": [9.5, 9, 10.5, 12], "texture": "#texture"}
			}
		},
		{
			"from": [7.75, 7.75, 4],
			"to": [8.25, 8.25, 7],
			"rotation": {"angle": 0, "axis": "x", "origin": [8, 8, 8]},
			"faces": {
				"north": {"uv": [7.5, 7.5, 8, 8], "rotation": 180, "texture": "#texture"},
				"east": {"uv": [5.5, 9, 6, 13], "rotation": 270, "texture": "#texture"},
				"south": {"uv": [7.5, 7.5, 8, 8], "texture": "#texture"},
				"west": {"uv": [1.5, 9, 2, 13], "rotation": 90, "texture": "#texture"},
				"up": {"uv": [13.5, 9, 14, 13], "rotation": 180, "texture": "#texture"},
				"down": {"uv": [9.5, 9, 10, 13], "texture": "#texture"}
			}
		},
		{
			"from": [7, 0, 7],
			"to": [9, 1, 9],
			"rotation": {"angle": 0, "axis": "x", "origin": [8, 8, 8]},
			"faces": {
				"north": {"uv": [1, 11, 3, 12], "texture": "#texture"},
				"east": {"uv": [9, 11, 11, 12], "texture": "#texture"},
				"south": {"uv": [5, 11, 7, 12], "texture": "#texture"},
				"west": {"uv": [13, 11, 15, 12], "texture": "#texture"},
				"up": {"uv": [5, 3, 7, 5], "texture": "#texture"},
				"down": {"uv": [9, 3, 11, 5], "texture": "#texture"}
			}
		},
		{
			"from": [7.5, 1, 7.5],
			"to": [8.5, 4, 8.5],
			"rotation": {"angle": 0, "axis": "x", "origin": [8, 8, 8]},
			"faces": {
				"north": {"uv": [13.5, 9, 14.5, 12], "texture": "#texture"},
				"east": {"uv": [5.5, 9, 6.5, 12], "texture": "#texture"},
				"south": {"uv": [9.5, 9, 10.5, 12], "texture": "#texture"},
				"west": {"uv": [1.5, 9, 2.5, 12], "texture": "#texture"},
				"up": {"uv": [9.5, 3.5, 10.5, 4.5], "texture": "#texture"},
				"down": {"uv": [5.5, 3.5, 6.5, 4.5], "texture": "#texture"}
			}
		},
		{
			"from": [7.75, 4, 7.75],
			"to": [8.25, 7, 8.25],
			"rotation": {"angle": 0, "axis": "x", "origin": [8, 8, 8]},
			"faces": {
				"north": {"uv": [13.5, 9, 14, 13], "texture": "#texture"},
				"east": {"uv": [5.5, 9, 6, 13], "texture": "#texture"},
				"south": {"uv": [9.5, 9, 10, 13], "texture": "#texture"},
				"west": {"uv": [1.5, 9, 2, 13], "texture": "#texture"},
				"up": {"uv": [7.5, 7.5, 8, 8], "texture": "#texture"},
				"down": {"uv": [7.5, 7.5, 8, 8], "texture": "#texture"}
			}
		},
		{
			"from": [0, 7, 7],
			"to": [1, 9, 9],
			"rotation": {"angle": 0, "axis": "y", "origin": [8, 8, 8]},
			"faces": {
				"north": {"uv": [9, 11, 11, 12], "rotation": 270, "texture": "#texture"},
				"east": {"uv": [5, 3, 7, 5], "texture": "#texture"},
				"south": {"uv": [13, 11, 15, 12], "rotation": 90, "texture": "#texture"},
				"west": {"uv": [9, 3, 11, 5], "rotation": 180, "texture": "#texture"},
				"up": {"uv": [1, 11, 3, 12], "rotation": 90, "texture": "#texture"},
				"down": {"uv": [5, 11, 7, 12], "rotation": 90, "texture": "#texture"}
			}
		},
		{
			"from": [1, 7.5, 7.5],
			"to": [4, 8.5, 8.5],
			"rotation": {"angle": 0, "axis": "y", "origin": [8, 8, 8]},
			"faces": {
				"north": {"uv": [5.5, 9, 6.5, 12], "rotation": 270, "texture": "#texture"},
				"east": {"uv": [9.5, 3.5, 10.5, 4.5], "texture": "#texture"},
				"south": {"uv": [1.5, 9, 2.5, 12], "rotation": 90, "texture": "#texture"},
				"west": {"uv": [5.5, 3.5, 6.5, 4.5], "rotation": 180, "texture": "#texture"},
				"up": {"uv": [13.5, 9, 14.5, 12], "rotation": 90, "texture": "#texture"},
				"down": {"uv": [9.5, 9, 10.5, 12], "rotation": 90, "texture": "#texture"}
			}
		},
		{
			"from": [4, 7.75, 7.75],
			"to": [7, 8.25, 8.25],
			"rotation": {"angle": 0, "axis": "y", "origin": [8, 8, 8]},
			"faces": {
				"north": {"uv": [5.5, 9, 6, 13], "rotation": 270, "texture": "#texture"},
				"east": {"uv": [7.5, 7.5, 8, 8], "texture": "#texture"},
				"south": {"uv": [1.5, 9, 2, 13], "rotation": 90, "texture": "#texture"},
				"west": {"uv": [7.5, 7.5, 8, 8], "rotation": 180, "texture": "#texture"},
				"up": {"uv": [13.5, 9, 14, 13], "rotation": 90, "texture": "#texture"},
				"down": {"uv": [9.5, 9, 10, 13], "rotation": 90, "texture": "#texture"}
			}
		},
		{
			"from": [7, 7, 15],
			"to": [9, 9, 16],
			"rotation": {"angle": 0, "axis": "y", "origin": [8, 8, 8]},
			"faces": {
				"north": {"uv": [5, 3, 7, 5], "texture": "#texture"},
				"east": {"uv": [13, 11, 15, 12], "rotation": 90, "texture": "#texture"},
				"south": {"uv": [9, 3, 11, 5], "rotation": 180, "texture": "#texture"},
				"west": {"uv": [9, 11, 11, 12], "rotation": 270, "texture": "#texture"},
				"up": {"uv": [1, 11, 3, 12], "texture": "#texture"},
				"down": {"uv": [5, 11, 7, 12], "rotation": 180, "texture": "#texture"}
			}
		},
		{
			"from": [7.5, 7.5, 12],
			"to": [8.5, 8.5, 15],
			"rotation": {"angle": 0, "axis": "y", "origin": [8, 8, 8]},
			"faces": {
				"north": {"uv": [9.5, 3.5, 10.5, 4.5], "texture": "#texture"},
				"east": {"uv": [1.5, 9, 2.5, 12], "rotation": 90, "texture": "#texture"},
				"south": {"uv": [5.5, 3.5, 6.5, 4.5], "rotation": 180, "texture": "#texture"},
				"west": {"uv": [5.5, 9, 6.5, 12], "rotation": 270, "texture": "#texture"},
				"up": {"uv": [13.5, 9, 14.5, 12], "texture": "#texture"},
				"down": {"uv": [9.5, 9, 10.5, 12], "rotation": 180, "texture": "#texture"}
			}
		},
		{
			"from": [7.75, 7.75, 9],
			"to": [8.25, 8.25, 12],
			"rotation": {"angle": 0, "axis": "y", "origin": [8, 8, 8]},
			"faces": {
				"north": {"uv": [7.5, 7.5, 8, 8], "texture": "#texture"},
				"east": {"uv": [1.5, 9, 2, 13], "rotation": 90, "texture": "#texture"},
				"south": {"uv": [7.5, 7.5, 8, 8], "rotation": 180, "texture": "#texture"},
				"west": {"uv": [5.5, 9, 6, 13], "rotation": 270, "texture": "#texture"},
				"up": {"uv": [13.5, 9, 14, 13], "texture": "#texture"},
				"down": {"uv": [9.5, 9, 10, 13], "rotation": 180, "texture": "#texture"}
			}
		},
		{
			"from": [15, 7, 7],
			"to": [16, 9, 9],
			"rotation": {"angle": 0, "axis": "y", "origin": [8, 8, 8]},
			"faces": {
				"north": {"uv": [13, 11, 15, 12], "rotation": 90, "texture": "#texture"},
				"east": {"uv": [9, 3, 11, 5], "rotation": 180, "texture": "#texture"},
				"south": {"uv": [9, 11, 11, 12], "rotation": 270, "texture": "#texture"},
				"west": {"uv": [5, 3, 7, 5], "texture": "#texture"},
				"up": {"uv": [1, 11, 3, 12], "rotation": 270, "texture": "#texture"},
				"down": {"uv": [5, 11, 7, 12], "rotation": 270, "texture": "#texture"}
			}
		},
		{
			"from": [12, 7.5, 7.5],
			"to": [15, 8.5, 8.5],
			"rotation": {"angle": 0, "axis": "y", "origin": [8, 8, 8]},
			"faces": {
				"north": {"uv": [1.5, 9, 2.5, 12], "rotation": 90, "texture": "#texture"},
				"east": {"uv": [5.5, 3.5, 6.5, 4.5], "rotation": 180, "texture": "#texture"},
				"south": {"uv": [5.5, 9, 6.5, 12], "rotation": 270, "texture": "#texture"},
				"west": {"uv": [9.5, 3.5, 10.5, 4.5], "texture": "#texture"},
				"up": {"uv": [13.5, 9, 14.5, 12], "rotation": 270, "texture": "#texture"},
				"down": {"uv": [9.5, 9, 10.5, 12], "rotation": 270, "texture": "#texture"}
			}
		},
		{
			"from": [9, 7.75, 7.75],
			"to": [12, 8.25, 8.25],
			"rotation": {"angle": 0, "axis": "y", "origin": [8, 8, 8]},
			"faces": {
				"north": {"uv": [1.5, 9, 2, 13], "rotation": 90, "texture": "#texture"},
				"east": {"uv": [7.5, 7.5, 8, 8], "rotation": 180, "texture": "#texture"},
				"south": {"uv": [5.5, 9, 6, 13], "rotation": 270, "texture": "#texture"},
				"west": {"uv": [7.5, 7.5, 8, 8], "texture": "#texture"},
				"up": {"uv": [13.5, 9, 14, 13], "rotation": 270, "texture": "#texture"},
				"down": {"uv": [9.5, 9, 10, 13], "rotation": 270, "texture": "#texture"}
			}
		}
	],
	"groups": [
		0,
		{
			"name": "group",
			"origin": [0, 0, 0],
			"color": 0,
			"children": [1, 2, 3]
		},
		{
			"name": "group",
			"origin": [0, 0, 0],
			"color": 0,
			"children": [4, 5, 6]
		},
		{
			"name": "group",
			"origin": [0, 0, 0],
			"color": 0,
			"children": [7, 8, 9]
		},
		{
			"name": "group",
			"origin": [0, 0, 0],
			"color": 0,
			"children": [10, 11, 12]
		},
		{
			"name": "group",
			"origin": [0, 0, 0],
			"color": 0,
			"children": [13, 14, 15]
		}
	]
}
