{
	"credit": "Made with Blockbench",
	"textures": {
		"particle": "minecraft:block/chorus_plant",
		"inside": "minecraft:block/chorus_plant"
	},
	"elements": [
		{
			"from": [6, 0, 6],
			"to": [10, 16, 10],
			"faces": {
				"north": {"uv": [2, 0, 6, 16], "texture": "#inside"},
				"east": {"uv": [10, 0, 14, 16], "texture": "#inside"},
				"south": {"uv": [2, 0, 6, 16], "texture": "#inside"},
				"west": {"uv": [10, 0, 14, 16], "texture": "#inside"},
				"up": {"uv": [6, 6, 10, 10], "texture": "#inside"},
				"down": {"uv": [6, 6, 10, 10], "texture": "#inside"}
			}
		}
	]
}
